{
  "HTTP Request-1" : {
    "transaction" : "HTTP Request-1",
    "sampleCount" : 1000,
    "errorCount" : 0,
    "errorPct" : 0.0,
    "meanResTime" : 22714.113999999987,
    "medianResTime" : 20594.5,
    "minResTime" : 4597.0,
    "maxResTime" : 42739.0,
    "pct1ResTime" : 41680.4,
    "pct2ResTime" : 41958.75,
    "pct3ResTime" : 42528.0,
    "throughput" : 23.30187580100198,
    "receivedKBytesPerSec" : 1188.0714193391007,
    "sentKBytesPerSec" : 2.6396656180822555
  },
  "Total" : {
    "transaction" : "Total",
    "sampleCount" : 3000,
    "errorCount" : 0,
    "errorPct" : 0.0,
    "meanResTime" : 15237.032999999983,
    "medianResTime" : 14487.5,
    "minResTime" : 79.0,
    "maxResTime" : 42910.0,
    "pct1ResTime" : 31344.6,
    "pct2ResTime" : 41879.8,
    "pct3ResTime" : 42503.689999999995,
    "throughput" : 69.69612489545582,
    "receivedKBytesPerSec" : 2387.5801051685485,
    "sentKBytesPerSec" : 10.527018864417807
  },
  "HTTP Request-0" : {
    "transaction" : "HTTP Request-0",
    "sampleCount" : 1000,
    "errorCount" : 0,
    "errorPct" : 0.0,
    "meanResTime" : 140.3329999999999,
    "medianResTime" : 138.0,
    "minResTime" : 79.0,
    "maxResTime" : 219.0,
    "pct1ResTime" : 175.0,
    "pct2ResTime" : 191.89999999999986,
    "pct3ResTime" : 208.99,
    "throughput" : 1050.420168067227,
    "receivedKBytesPerSec" : 419.55258665966386,
    "sentKBytesPerSec" : 118.99290966386555
  },
  "HTTP Request" : {
    "transaction" : "HTTP Request",
    "sampleCount" : 1000,
    "errorCount" : 0,
    "errorPct" : 0.0,
    "meanResTime" : 22856.651999999976,
    "medianResTime" : 20742.5,
    "minResTime" : 4719.0,
    "maxResTime" : 42910.0,
    "pct1ResTime" : 41798.9,
    "pct2ResTime" : 42111.35,
    "pct3ResTime" : 42686.96,
    "throughput" : 23.232041631818603,
    "receivedKBytesPerSec" : 1193.7900525842742,
    "sentKBytesPerSec" : 5.263509432208903
  }
}