{
  "HTTP Request-1" : {
    "transaction" : "HTTP Request-1",
    "sampleCount" : 10,
    "errorCount" : 0,
    "errorPct" : 0.0,
    "meanResTime" : 887.5,
    "medianResTime" : 1022.5,
    "minResTime" : 326.0,
    "maxResTime" : 1238.0,
    "pct1ResTime" : 1228.2,
    "pct2ResTime" : 1238.0,
    "pct3ResTime" : 1238.0,
    "throughput" : 7.230657989877079,
    "receivedKBytesPerSec" : 368.66258247469267,
    "sentKBytesPerSec" : 0.8190979754157628
  },
  "Total" : {
    "transaction" : "Total",
    "sampleCount" : 30,
    "errorCount" : 0,
    "errorPct" : 0.0,
    "meanResTime" : 626.8666666666666,
    "medianResTime" : 677.0,
    "minResTime" : 47.0,
    "maxResTime" : 1287.0,
    "pct1ResTime" : 1191.3000000000002,
    "pct2ResTime" : 1260.05,
    "pct3ResTime" : 1287.0,
    "throughput" : 20.491803278688522,
    "receivedKBytesPerSec" : 701.9870111851093,
    "sentKBytesPerSec" : 3.0951161202185795
  },
  "HTTP Request-0" : {
    "transaction" : "HTTP Request-0",
    "sampleCount" : 10,
    "errorCount" : 0,
    "errorPct" : 0.0,
    "meanResTime" : 52.3,
    "medianResTime" : 48.5,
    "minResTime" : 47.0,
    "maxResTime" : 77.0,
    "pct1ResTime" : 74.80000000000001,
    "pct2ResTime" : 77.0,
    "pct3ResTime" : 77.0,
    "throughput" : 11.46788990825688,
    "receivedKBytesPerSec" : 4.580436496559633,
    "sentKBytesPerSec" : 1.2990969036697249
  },
  "HTTP Request" : {
    "transaction" : "HTTP Request",
    "sampleCount" : 10,
    "errorCount" : 0,
    "errorPct" : 0.0,
    "meanResTime" : 940.8,
    "medianResTime" : 1070.5,
    "minResTime" : 377.0,
    "maxResTime" : 1287.0,
    "pct1ResTime" : 1277.9,
    "pct2ResTime" : 1287.0,
    "pct3ResTime" : 1287.0,
    "throughput" : 6.830601092896175,
    "receivedKBytesPerSec" : 350.99350559255464,
    "sentKBytesPerSec" : 1.5475580601092898
  }
}