{
  "HTTP Request-1" : {
    "transaction" : "HTTP Request-1",
    "sampleCount" : 100,
    "errorCount" : 0,
    "errorPct" : 0.0,
    "meanResTime" : 3599.39,
    "medianResTime" : 3648.5,
    "minResTime" : 2890.0,
    "maxResTime" : 4396.0,
    "pct1ResTime" : 4004.6,
    "pct2ResTime" : 4135.15,
    "pct3ResTime" : 4394.279999999999,
    "throughput" : 22.747952684258415,
    "receivedKBytesPerSec" : 1159.831913955869,
    "sentKBytesPerSec" : 2.576916515013649
  },
  "Total" : {
    "transaction" : "Total",
    "sampleCount" : 300,
    "errorCount" : 0,
    "errorPct" : 0.0,
    "meanResTime" : 2438.0766666666646,
    "medianResTime" : 3349.5,
    "minResTime" : 47.0,
    "maxResTime" : 4487.0,
    "pct1ResTime" : 3991.8000000000006,
    "pct2ResTime" : 4099.599999999999,
    "pct3ResTime" : 4314.18,
    "throughput" : 66.84491978609626,
    "receivedKBytesPerSec" : 2289.9119875222814,
    "sentKBytesPerSec" : 10.096368092691621
  },
  "HTTP Request-0" : {
    "transaction" : "HTTP Request-0",
    "sampleCount" : 100,
    "errorCount" : 0,
    "errorPct" : 0.0,
    "meanResTime" : 57.190000000000005,
    "medianResTime" : 49.0,
    "minResTime" : 47.0,
    "maxResTime" : 350.0,
    "pct1ResTime" : 89.0,
    "pct2ResTime" : 89.0,
    "pct3ResTime" : 347.3899999999987,
    "throughput" : 80.0,
    "receivedKBytesPerSec" : 31.953125,
    "sentKBytesPerSec" : 9.0625
  },
  "HTTP Request" : {
    "transaction" : "HTTP Request",
    "sampleCount" : 100,
    "errorCount" : 0,
    "errorPct" : 0.0,
    "meanResTime" : 3657.65,
    "medianResTime" : 3697.0,
    "minResTime" : 2939.0,
    "maxResTime" : 4487.0,
    "pct1ResTime" : 4064.5,
    "pct2ResTime" : 4185.099999999999,
    "pct3ResTime" : 4485.279999999999,
    "throughput" : 22.281639928698752,
    "receivedKBytesPerSec" : 1144.9559937611407,
    "sentKBytesPerSec" : 5.048184046345811
  }
}